sample_id,shortread,type,pond,short_read_platform,long_read_platform
IA01,IN-A1,intestine,A,"Illumina MiSeq, 250 bp paired-end (V3-V4)","Oxford Nanopore GridION, R10.4.1 (full-length 16S)"
IA02,IN-A2,intestine,A,"Illumina MiSeq, 250 bp paired-end (V3-V4)","Oxford Nanopore GridION, R10.4.1 (full-length 16S)"
IA03,IN-A3,intestine,A,"Illumina MiSeq, 250 bp paired-end (V3-V4)","Oxford Nanopore GridION, R10.4.1 (full-length 16S)"
IA04,IN-A4,intestine,A,"Illumina MiSeq, 250 bp paired-end (V3-V4)","Oxford Nanopore GridION, R10.4.1 (full-length 16S)"
IA05,IN-A5,intestine,A,"Illumina MiSeq, 250 bp paired-end (V3-V4)","Oxford Nanopore GridION, R10.4.1 (full-length 16S)"
IA06,IN-A6,intestine,A,"Illumina MiSeq, 250 bp paired-end (V3-V4)","Oxford Nanopore GridION, R10.4.1 (full-length 16S)"
IA07,IN-A7,intestine,A,"Illumina MiSeq, 250 bp paired-end (V3-V4)","Oxford Nanopore GridION, R10.4.1 (full-length 16S)"
IB08,IN-B8,intestine,B,"Illumina MiSeq, 250 bp paired-end (V3-V4)","Oxford Nanopore GridION, R10.4.1 (full-length 16S)"
IB09,IN-B9,intestine,B,"Illumina MiSeq, 250 bp paired-end (V3-V4)","Oxford Nanopore GridION, R10.4.1 (full-length 16S)"
IB10,IN-B10,intestine,B,"Illumina MiSeq, 250 bp paired-end (V3-V4)","Oxford Nanopore GridION, R10.4.1 (full-length 16S)"
IB11,IN-B11,intestine,B,"Illumina MiSeq, 250 bp paired-end (V3-V4)","Oxford Nanopore GridION, R10.4.1 (full-length 16S)"
IB12,IN-B12,intestine,B,"Illumina MiSeq, 250 bp paired-end (V3-V4)","Oxford Nanopore GridION, R10.4.1 (full-length 16S)"
IB13,IN-B13,intestine,B,"Illumina MiSeq, 250 bp paired-end (V3-V4)","Oxford Nanopore GridION, R10.4.1 (full-length 16S)"
IB14,IN-B14,intestine,B,"Illumina MiSeq, 250 bp paired-end (V3-V4)","Oxford Nanopore GridION, R10.4.1 (full-length 16S)"
IB15,IN-B15,intestine,B,"Illumina MiSeq, 250 bp paired-end (V3-V4)","Oxford Nanopore GridION, R10.4.1 (full-length 16S)"
IB16,IN-B16,intestine,B,"Illumina MiSeq, 250 bp paired-end (V3-V4)","Oxford Nanopore GridION, R10.4.1 (full-length 16S)"
IB17,IN-B17,intestine,B,"Illumina MiSeq, 250 bp paired-end (V3-V4)","Oxford Nanopore GridION, R10.4.1 (full-length 16S)"
SA26,SD-A26,sediment,A,"Illumina MiSeq, 250 bp paired-end (V3-V4)","Oxford Nanopore GridION, R10.4.1 (full-length 16S)"
SA27,SD-A27,sediment,A,"Illumina MiSeq, 250 bp paired-end (V3-V4)","Oxford Nanopore GridION, R10.4.1 (full-length 16S)"
SA28,SD-A28,sediment,A,"Illumina MiSeq, 250 bp paired-end (V3-V4)","Oxford Nanopore GridION, R10.4.1 (full-length 16S)"
SA29,SD-A29,sediment,A,"Illumina MiSeq, 250 bp paired-end (V3-V4)","Oxford Nanopore GridION, R10.4.1 (full-length 16S)"
SB30,SD-B30,sediment,B,"Illumina MiSeq, 250 bp paired-end (V3-V4)","Oxford Nanopore GridION, R10.4.1 (full-length 16S)"
SB31,SD-B31,sediment,B,"Illumina MiSeq, 250 bp paired-end (V3-V4)","Oxford Nanopore GridION, R10.4.1 (full-length 16S)"
SB32,SD-B32,sediment,B,"Illumina MiSeq, 250 bp paired-end (V3-V4)","Oxford Nanopore GridION, R10.4.1 (full-length 16S)"
SB33,SD-B33,sediment,B,"Illumina MiSeq, 250 bp paired-end (V3-V4)","Oxford Nanopore GridION, R10.4.1 (full-length 16S)"
WA18,WT-A18,water,A,"Illumina MiSeq, 250 bp paired-end (V3-V4)","Oxford Nanopore GridION, R10.4.1 (full-length 16S)"
WA19,WT-A19,water,A,"Illumina MiSeq, 250 bp paired-end (V3-V4)","Oxford Nanopore GridION, R10.4.1 (full-length 16S)"
WA20,WT-A20,water,A,"Illumina MiSeq, 250 bp paired-end (V3-V4)","Oxford Nanopore GridION, R10.4.1 (full-length 16S)"
WA21,WT-A21,water,A,"Illumina MiSeq, 250 bp paired-end (V3-V4)","Oxford Nanopore GridION, R10.4.1 (full-length 16S)"
WB22,WT-B22,water,B,"Illumina MiSeq, 250 bp paired-end (V3-V4)","Oxford Nanopore GridION, R10.4.1 (full-length 16S)"
WB23,WT-B23,water,B,"Illumina MiSeq, 250 bp paired-end (V3-V4)","Oxford Nanopore GridION, R10.4.1 (full-length 16S)"
WB24,WT-B24,water,B,"Illumina MiSeq, 250 bp paired-end (V3-V4)","Oxford Nanopore GridION, R10.4.1 (full-length 16S)"
WB25,WT-B25,water,B,"Illumina MiSeq, 250 bp paired-end (V3-V4)","Oxford Nanopore GridION, R10.4.1 (full-length 16S)"
